REMOVE	\git\esassoc\neptune\Neptune.EFModels\Entities\CustomAttributeTypes.cs	CustomAttributeTypes.GetByCustomAttributeTypePurposeAndTreatmentBMPTypeAsDto	121
REMOVE	\git\esassoc\neptune\Neptune.EFModels\Entities\CustomAttributeTypes.cs	CustomAttributeTypes.GetByCustomAttributeTypePurposeAsDto	130
REMOVE	\git\esassoc\neptune\Neptune.EFModels\Entities\CustomAttributeTypes.cs	CustomAttributeTypes.GetByID	67
REMOVE	\git\esassoc\neptune\Neptune.EFModels\Entities\CustomAttributeTypes.cs	CustomAttributeTypes.GetByIDWithChangeTracking	52
REMOVE	\git\esassoc\neptune\Neptune.EFModels\Entities\CustomAttributes.cs	CustomAttributes.GetByID	37
REMOVE	\git\esassoc\neptune\Neptune.EFModels\Entities\CustomAttributes.cs	CustomAttributes.GetByIDWithChangeTracking	25
REMOVE	\git\esassoc\neptune\Neptune.EFModels\Entities\CustomAttributes.cs	CustomAttributes.ListByCustomAttributeTypeID	47
REMOVE	\git\esassoc\neptune\Neptune.EFModels\Entities\CustomAttributes.cs	CustomAttributes.ListByTreatmentBMPIDAndPurposesWithChangeTracking	72
REMOVE	\git\esassoc\neptune\Neptune.EFModels\Entities\CustomAttributes.cs	CustomAttributes.ListByTreatmentBMPIDWithChangeTracking	62
REMOVE	\git\esassoc\neptune\Neptune.EFModels\Entities\Delineations.cs	Delineations.GetByID	83
REMOVE	\git\esassoc\neptune\Neptune.EFModels\Entities\Delineations.cs	Delineations.GetByIDWithChangeTracking	51
REMOVE	\git\esassoc\neptune\Neptune.EFModels\Entities\Delineations.cs	Delineations.GetProvisionalBMPDelineations	121
REMOVE	\git\esassoc\neptune\Neptune.EFModels\Entities\Delineations.cs	Delineations.ListByDelineationIDList	109
REMOVE	\git\esassoc\neptune\Neptune.EFModels\Entities\Delineations.cs	Delineations.ListByDelineationIDListWithChangeTracking	115
REMOVE	\git\esassoc\neptune\Neptune.EFModels\Entities\Delineations.cs	Delineations.ListByTreatmentBMPIDList	103
REMOVE	\git\esassoc\neptune\Neptune.EFModels\Entities\Delineations.cs	Delineations.ListHavingDiscrepancies	309
REMOVE	\git\esassoc\neptune\Neptune.EFModels\Entities\Delineations.cs	Delineations.ListHavingOverlaps	293
KEEP	\git\esassoc\neptune\Neptune.EFModels\Entities\Delineations.cs	Delineations.MarkAsVerified	286
REMOVE	\git\esassoc\neptune\Neptune.EFModels\Entities\FieldDefinitions.cs	FieldDefinitions.GetByFieldDefinitionType	29
REMOVE	\git\esassoc\neptune\Neptune.EFModels\Entities\FieldDefinitions.cs	FieldDefinitions.GetByFieldDefinitionType	44
REMOVE	\git\esassoc\neptune\Neptune.EFModels\Entities\FieldDefinitions.cs	FieldDefinitions.GetByFieldDefinitionTypeWithChangeTracking	39
REMOVE	\git\esassoc\neptune\Neptune.EFModels\Entities\FieldVisits.cs	FieldVisits.GetByID	54
REMOVE	\git\esassoc\neptune\Neptune.EFModels\Entities\FieldVisits.cs	FieldVisits.GetByIDWithChangeTracking	39
REMOVE	\git\esassoc\neptune\Neptune.EFModels\Entities\FieldVisits.cs	FieldVisits.GetInProgressForTreatmentBMPIfAny	66
REMOVE	\git\esassoc\neptune\Neptune.EFModels\Entities\FieldVisits.cs	FieldVisits.ListByFieldVisitIDList	73
REMOVE	\git\esassoc\neptune\Neptune.EFModels\Entities\FieldVisits.cs	FieldVisits.ListByFieldVisitIDListWithChangeTracking	79
REMOVE	\git\esassoc\neptune\Neptune.EFModels\Entities\FieldVisits.cs	FieldVisits.ListByTreatmentBMPID	60
KEEP	\git\esassoc\neptune\Neptune.EFModels\Entities\FileResources.cs	FileResources.Create	42
REMOVE	\git\esassoc\neptune\Neptune.EFModels\Entities\FileResources.cs	FileResources.GetByGuidString	72
REMOVE	\git\esassoc\neptune\Neptune.EFModels\Entities\FundingEvents.cs	FundingEvents.GetByID	57
REMOVE	\git\esassoc\neptune\Neptune.EFModels\Entities\FundingEvents.cs	FundingEvents.GetByIDWithChangeTracking	44
REMOVE	\git\esassoc\neptune\Neptune.EFModels\Entities\FundingEvents.cs	FundingEvents.List	20
REMOVE	\git\esassoc\neptune\Neptune.EFModels\Entities\FundingEvents.cs	FundingEvents.ListByTreatmentBMPID	72
REMOVE	\git\esassoc\neptune\Neptune.EFModels\Entities\FundingSources.cs	FundingSources.GetByID	93
REMOVE	\git\esassoc\neptune\Neptune.EFModels\Entities\FundingSources.cs	FundingSources.GetByIDWithChangeTracking	80
KEEP	\git\esassoc\neptune\Neptune.EFModels\Entities\FundingSources.cs	FundingSources.IsFundingSourceNameUnique	124
REMOVE	\git\esassoc\neptune\Neptune.EFModels\Entities\FundingSources.cs	FundingSources.ListAsDto	19
REMOVE	\git\esassoc\neptune\Neptune.EFModels\Entities\LandUseBlockStagings.cs	LandUseBlockStagings.GetByID	39
REMOVE	\git\esassoc\neptune\Neptune.EFModels\Entities\LandUseBlockStagings.cs	LandUseBlockStagings.GetByIDWithChangeTracking	24
REMOVE	\git\esassoc\neptune\Neptune.EFModels\Entities\LoadGeneratingUnits.cs	LoadGeneratingUnits.GetByID	9
REMOVE	\git\esassoc\neptune\Neptune.EFModels\Entities\MaintenanceRecordObservations.cs	MaintenanceRecordObservations.GetByID	43
REMOVE	\git\esassoc\neptune\Neptune.EFModels\Entities\MaintenanceRecordObservations.cs	MaintenanceRecordObservations.GetByIDWithChangeTracking	28
REMOVE	\git\esassoc\neptune\Neptune.EFModels\Entities\MaintenanceRecordObservations.cs	MaintenanceRecordObservations.ListByCustomAttributeTypeID	49
REMOVE	\git\esassoc\neptune\Neptune.EFModels\Entities\MaintenanceRecords.cs	MaintenanceRecords.GetByID	49
REMOVE	\git\esassoc\neptune\Neptune.EFModels\Entities\MaintenanceRecords.cs	MaintenanceRecords.GetByIDWithChangeTracking	36
REMOVE	\git\esassoc\neptune\Neptune.EFModels\Entities\MaintenanceRecords.cs	MaintenanceRecords.List	54
REMOVE	\git\esassoc\neptune\Neptune.EFModels\Entities\NeptunePages.cs	NeptunePages.List	35
REMOVE	\git\esassoc\neptune\Neptune.EFModels\Entities\NereidLogs.cs	NereidLogs.GetByTreatmentBMPID	8
REMOVE	\git\esassoc\neptune\Neptune.EFModels\Entities\NereidLogs.cs	NereidLogs.GetByWaterQualityManagementPlanID	13
REMOVE	\git\esassoc\neptune\Neptune.EFModels\Entities\OnlandVisualTrashAssessmentAreas.cs	OnlandVisualTrashAssessmentAreas.GetByID	43
REMOVE	\git\esassoc\neptune\Neptune.EFModels\Entities\OnlandVisualTrashAssessmentAreas.cs	OnlandVisualTrashAssessmentAreas.GetByIDWithChangeTracking	29
REMOVE	\git\esassoc\neptune\Neptune.EFModels\Entities\OnlandVisualTrashAssessmentAreas.cs	OnlandVisualTrashAssessmentAreas.List	48
REMOVE	\git\esassoc\neptune\Neptune.EFModels\Entities\OnlandVisualTrashAssessmentObservations.cs	OnlandVisualTrashAssessmentObservations.GetByID	41
REMOVE	\git\esassoc\neptune\Neptune.EFModels\Entities\OnlandVisualTrashAssessmentObservations.cs	OnlandVisualTrashAssessmentObservations.GetByIDWithChangeTracking	28
REMOVE	\git\esassoc\neptune\Neptune.EFModels\Entities\OnlandVisualTrashAssessments.cs	OnlandVisualTrashAssessments.GetByID	50
REMOVE	\git\esassoc\neptune\Neptune.EFModels\Entities\OnlandVisualTrashAssessments.cs	OnlandVisualTrashAssessments.GetByIDWithChangeTracking	32
REMOVE	\git\esassoc\neptune\Neptune.EFModels\Entities\OnlandVisualTrashAssessments.cs	OnlandVisualTrashAssessments.List	63
REMOVE	\git\esassoc\neptune\Neptune.EFModels\Entities\OnlandVisualTrashAssessments.cs	OnlandVisualTrashAssessments.ListByStormwaterJurisdictionIDList	75
KEEP	\git\esassoc\neptune\Neptune.EFModels\Entities\OnlandVisualTrashAssessments.cs	OnlandVisualTrashAssessments.UpdateGeometry	272
REMOVE	\git\esassoc\neptune\Neptune.EFModels\Entities\OrganizationTypes.cs	OrganizationTypes.GetDefaultOrganizationType	29
REMOVE	\git\esassoc\neptune\Neptune.EFModels\Entities\OrganizationTypes.cs	OrganizationTypes.List	39
REMOVE	\git\esassoc\neptune\Neptune.EFModels\Entities\Organizations.cs	Organizations.GetByGuid	61
REMOVE	\git\esassoc\neptune\Neptune.EFModels\Entities\Organizations.cs	Organizations.GetByID	46
REMOVE	\git\esassoc\neptune\Neptune.EFModels\Entities\Organizations.cs	Organizations.GetByIDWithChangeTracking	33
REMOVE	\git\esassoc\neptune\Neptune.EFModels\Entities\Organizations.cs	Organizations.GetUnknownOrganization	71
REMOVE	\git\esassoc\neptune\Neptune.EFModels\Entities\Organizations.cs	Organizations.List	51
REMOVE	\git\esassoc\neptune\Neptune.EFModels\Entities\Organizations.cs	Organizations.ListActive	56
REMOVE	\git\esassoc\neptune\Neptune.EFModels\Entities\Organizations.cs	Organizations.ListByPrimaryContactPersonIDWithChangeTracking	81
REMOVE	\git\esassoc\neptune\Neptune.EFModels\Entities\Parcels.cs	Parcels.GetByID	56
REMOVE	\git\esassoc\neptune\Neptune.EFModels\Entities\Parcels.cs	Parcels.GetByIDWithChangeTracking	43
REMOVE	\git\esassoc\neptune\Neptune.EFModels\Entities\Parcels.cs	Parcels.List	61
KEEP	\git\esassoc\neptune\Neptune.EFModels\Entities\People.cs	People.CreateAsync	212
REMOVE	\git\esassoc\neptune\Neptune.EFModels\Entities\People.cs	People.GetByGlobalIDAsync	80
REMOVE	\git\esassoc\neptune\Neptune.EFModels\Entities\People.cs	People.GetByID	57
REMOVE	\git\esassoc\neptune\Neptune.EFModels\Entities\People.cs	People.GetByIDWithChangeTracking	44
REMOVE	\git\esassoc\neptune\Neptune.EFModels\Entities\People.cs	People.GetByWebServiceAccessToken	136
REMOVE	\git\esassoc\neptune\Neptune.EFModels\Entities\People.cs	People.GetPersonIDByGlobalIDAsync	107
REMOVE	\git\esassoc\neptune\Neptune.EFModels\Entities\People.cs	People.List	130
REMOVE	\git\esassoc\neptune\Neptune.EFModels\Entities\People.cs	People.ListByRoleID	125
REMOVE	\git\esassoc\neptune\Neptune.EFModels\Entities\Projects.cs	Projects.GetByID	81
REMOVE	\git\esassoc\neptune\Neptune.EFModels\Entities\Projects.cs	Projects.GetByIDWithChangeTracking	54
KEEP	\git\esassoc\neptune\Neptune.EFModels\Entities\QuickBMPs.cs	QuickBMPs.DeleteByNameAsync	214
REMOVE	\git\esassoc\neptune\Neptune.EFModels\Entities\QuickBMPs.cs	QuickBMPs.GetByID	41
REMOVE	\git\esassoc\neptune\Neptune.EFModels\Entities\QuickBMPs.cs	QuickBMPs.GetByIDWithChangeTracking	26
REMOVE	\git\esassoc\neptune\Neptune.EFModels\Entities\QuickBMPs.cs	QuickBMPs.GetFullyParameterized	58
REMOVE	\git\esassoc\neptune\Neptune.EFModels\Entities\QuickBMPs.cs	QuickBMPs.List	66
REMOVE	\git\esassoc\neptune\Neptune.EFModels\Entities\QuickBMPs.cs	QuickBMPs.ListByWaterQualityManagementPlanID	47
KEEP	\git\esassoc\neptune\Neptune.EFModels\Entities\QuickBMPs.cs	QuickBMPs.UpsertSingleAsync	149
REMOVE	\git\esassoc\neptune\Neptune.EFModels\Entities\RegionalSubbasinRevisionRequests.cs	RegionalSubbasinRevisionRequests.GetByID	48
REMOVE	\git\esassoc\neptune\Neptune.EFModels\Entities\RegionalSubbasinRevisionRequests.cs	RegionalSubbasinRevisionRequests.GetByIDWithChangeTracking	33
REMOVE	\git\esassoc\neptune\Neptune.EFModels\Entities\RegionalSubbasinRevisionRequests.cs	RegionalSubbasinRevisionRequests.List	54
REMOVE	\git\esassoc\neptune\Neptune.EFModels\Entities\RegionalSubbasinRevisionRequests.cs	RegionalSubbasinRevisionRequests.ListByRegionalSubbasinRevisionRequestIDList	66
REMOVE	\git\esassoc\neptune\Neptune.EFModels\Entities\RegionalSubbasinRevisionRequests.cs	RegionalSubbasinRevisionRequests.ListByRegionalSubbasinRevisionRequestIDListWithChangeTracking	72
REMOVE	\git\esassoc\neptune\Neptune.EFModels\Entities\RegionalSubbasinRevisionRequests.cs	RegionalSubbasinRevisionRequests.ListByTreatmentBMPID	60
KEEP	\git\esassoc\neptune\Neptune.EFModels\Entities\RegionalSubbasins.cs	RegionalSubbasins.CreateAsync	76
KEEP	\git\esassoc\neptune\Neptune.EFModels\Entities\RegionalSubbasins.cs	RegionalSubbasins.DeleteAsync	93
REMOVE	\git\esassoc\neptune\Neptune.EFModels\Entities\RegionalSubbasins.cs	RegionalSubbasins.GetByID	40
REMOVE	\git\esassoc\neptune\Neptune.EFModels\Entities\RegionalSubbasins.cs	RegionalSubbasins.GetByIDWithChangeTracking	27
REMOVE	\git\esassoc\neptune\Neptune.EFModels\Entities\RegionalSubbasins.cs	RegionalSubbasins.GetByOCSurveyCatchmentID	45
REMOVE	\git\esassoc\neptune\Neptune.EFModels\Entities\RegionalSubbasins.cs	RegionalSubbasins.GetRegionalSubbasinGraphDownstreamTraceAsFeatureCollection	136
REMOVE	\git\esassoc\neptune\Neptune.EFModels\Entities\RegionalSubbasins.cs	RegionalSubbasins.GetRegionalSubbasinGraphUpstreamTraceAsFeatureCollection	130
REMOVE	\git\esassoc\neptune\Neptune.EFModels\Entities\RegionalSubbasins.cs	RegionalSubbasins.GetUpstreamCatchmentGeometry4326	119
REMOVE	\git\esassoc\neptune\Neptune.EFModels\Entities\RegionalSubbasins.cs	RegionalSubbasins.List	53
REMOVE	\git\esassoc\neptune\Neptune.EFModels\Entities\RegionalSubbasins.cs	RegionalSubbasins.ListAsSimpleDtoAsync	58
KEEP	\git\esassoc\neptune\Neptune.EFModels\Entities\RegionalSubbasins.cs	RegionalSubbasins.UpdateAsync	84
REMOVE	\git\esassoc\neptune\Neptune.EFModels\Entities\SourceControlBMPAttributes.cs	SourceControlBMPAttributes.GetByID	39
REMOVE	\git\esassoc\neptune\Neptune.EFModels\Entities\SourceControlBMPAttributes.cs	SourceControlBMPAttributes.GetByIDWithChangeTracking	24
REMOVE	\git\esassoc\neptune\Neptune.EFModels\Entities\SourceControlBMPAttributes.cs	SourceControlBMPAttributes.List	45
REMOVE	\git\esassoc\neptune\Neptune.EFModels\Entities\SourceControlBMPs.cs	SourceControlBMPs.GetByID	40
REMOVE	\git\esassoc\neptune\Neptune.EFModels\Entities\SourceControlBMPs.cs	SourceControlBMPs.GetByIDWithChangeTracking	25
REMOVE	\git\esassoc\neptune\Neptune.EFModels\Entities\SourceControlBMPs.cs	SourceControlBMPs.ListByWaterQualityManagementPlanID	46
REMOVE	\git\esassoc\neptune\Neptune.EFModels\Entities\StormwaterJurisdictionGeometries.cs	StormwaterJurisdictionGeometries.GetByID	34
REMOVE	\git\esassoc\neptune\Neptune.EFModels\Entities\StormwaterJurisdictionGeometries.cs	StormwaterJurisdictionGeometries.GetByIDWithChangeTracking	21
REMOVE	\git\esassoc\neptune\Neptune.EFModels\Entities\StormwaterJurisdictionGeometries.cs	StormwaterJurisdictionGeometries.List	8
REMOVE	\git\esassoc\neptune\Neptune.EFModels\Entities\StormwaterJurisdictionGeometries.cs	StormwaterJurisdictionGeometries.ListByStormwaterJurisdictionIDList	47
REMOVE	\git\esassoc\neptune\Neptune.EFModels\Entities\StormwaterJurisdictionPeople.cs	StormwaterJurisdictionPeople.GetByID	35
REMOVE	\git\esassoc\neptune\Neptune.EFModels\Entities\StormwaterJurisdictionPeople.cs	StormwaterJurisdictionPeople.GetByIDWithChangeTracking	22
REMOVE	\git\esassoc\neptune\Neptune.EFModels\Entities\StormwaterJurisdictionPeople.cs	StormwaterJurisdictionPeople.ListByStormwaterJurisdictionID	107
REMOVE	\git\esassoc\neptune\Neptune.EFModels\Entities\StormwaterJurisdictions.cs	StormwaterJurisdictions.GetByID	71
REMOVE	\git\esassoc\neptune\Neptune.EFModels\Entities\StormwaterJurisdictions.cs	StormwaterJurisdictions.GetByIDWithChangeTracking	58
KEEP	\git\esassoc\neptune\Neptune.EFModels\Entities\TreatmentBMPAssessmentObservationTypeHelper.cs	TreatmentBMPAssessmentObservationTypeHelper.WetBasinBipolarLinearInterpolation	48
REMOVE	\git\esassoc\neptune\Neptune.EFModels\Entities\TreatmentBMPAssessmentObservationTypes.cs	TreatmentBMPAssessmentObservationTypes.GetByID	38
REMOVE	\git\esassoc\neptune\Neptune.EFModels\Entities\TreatmentBMPAssessmentObservationTypes.cs	TreatmentBMPAssessmentObservationTypes.GetByIDWithChangeTracking	25
REMOVE	\git\esassoc\neptune\Neptune.EFModels\Entities\TreatmentBMPAssessmentObservationTypes.cs	TreatmentBMPAssessmentObservationTypes.List	43
REMOVE	\git\esassoc\neptune\Neptune.EFModels\Entities\TreatmentBMPAssessmentPhotos.cs	TreatmentBMPAssessmentPhotos.GetByID	100
REMOVE	\git\esassoc\neptune\Neptune.EFModels\Entities\TreatmentBMPAssessmentPhotos.cs	TreatmentBMPAssessmentPhotos.GetByIDWithChangeTracking	87
REMOVE	\git\esassoc\neptune\Neptune.EFModels\Entities\TreatmentBMPAssessmentPhotos.cs	TreatmentBMPAssessmentPhotos.ListByTreatmentBMPAssessmentID	69
REMOVE	\git\esassoc\neptune\Neptune.EFModels\Entities\TreatmentBMPAssessmentPhotos.cs	TreatmentBMPAssessmentPhotos.ListByTreatmentBMPAssessmentIDWithChangeTracking	74
REMOVE	\git\esassoc\neptune\Neptune.EFModels\Entities\TreatmentBMPAssessments.cs	TreatmentBMPAssessments.GetByID	50
REMOVE	\git\esassoc\neptune\Neptune.EFModels\Entities\TreatmentBMPAssessments.cs	TreatmentBMPAssessments.GetByIDForFeatureContextCheck	75
REMOVE	\git\esassoc\neptune\Neptune.EFModels\Entities\TreatmentBMPAssessments.cs	TreatmentBMPAssessments.GetByIDWithChangeTracking	37
REMOVE	\git\esassoc\neptune\Neptune.EFModels\Entities\TreatmentBMPAssessments.cs	TreatmentBMPAssessments.List	55
REMOVE	\git\esassoc\neptune\Neptune.EFModels\Entities\TreatmentBMPAssessments.cs	TreatmentBMPAssessments.ListByFieldVisitID	60
REMOVE	\git\esassoc\neptune\Neptune.EFModels\Entities\TreatmentBMPBenchmarkAndThresholds.cs	TreatmentBMPBenchmarkAndThresholds.GetByID	35
REMOVE	\git\esassoc\neptune\Neptune.EFModels\Entities\TreatmentBMPBenchmarkAndThresholds.cs	TreatmentBMPBenchmarkAndThresholds.GetByIDWithChangeTracking	22
REMOVE	\git\esassoc\neptune\Neptune.EFModels\Entities\TreatmentBMPBenchmarkAndThresholds.cs	TreatmentBMPBenchmarkAndThresholds.List	40
REMOVE	\git\esassoc\neptune\Neptune.EFModels\Entities\TreatmentBMPBenchmarkAndThresholds.cs	TreatmentBMPBenchmarkAndThresholds.ListByTreatmentBMPID	45
REMOVE	\git\esassoc\neptune\Neptune.EFModels\Entities\TreatmentBMPBenchmarkAndThresholds.cs	TreatmentBMPBenchmarkAndThresholds.ListByTreatmentBMPIDWithChangeTracking	50
REMOVE	\git\esassoc\neptune\Neptune.EFModels\Entities\TreatmentBMPDocuments.cs	TreatmentBMPDocuments.GetByID	105
REMOVE	\git\esassoc\neptune\Neptune.EFModels\Entities\TreatmentBMPDocuments.cs	TreatmentBMPDocuments.GetByIDWithChangeTracking	92
REMOVE	\git\esassoc\neptune\Neptune.EFModels\Entities\TreatmentBMPDocuments.cs	TreatmentBMPDocuments.ListByTreatmentBMPID	79
REMOVE	\git\esassoc\neptune\Neptune.EFModels\Entities\TreatmentBMPImages.cs	TreatmentBMPImages.GetByID	167
REMOVE	\git\esassoc\neptune\Neptune.EFModels\Entities\TreatmentBMPImages.cs	TreatmentBMPImages.GetByIDWithChangeTracking	154
REMOVE	\git\esassoc\neptune\Neptune.EFModels\Entities\TreatmentBMPImages.cs	TreatmentBMPImages.ListByTreatmentBMPID	136
REMOVE	\git\esassoc\neptune\Neptune.EFModels\Entities\TreatmentBMPImages.cs	TreatmentBMPImages.ListByTreatmentBMPIDWithChangeTracking	141
REMOVE	\git\esassoc\neptune\Neptune.EFModels\Entities\TreatmentBMPObservations.cs	TreatmentBMPObservations.GetByID	34
REMOVE	\git\esassoc\neptune\Neptune.EFModels\Entities\TreatmentBMPObservations.cs	TreatmentBMPObservations.GetByIDWithChangeTracking	21
REMOVE	\git\esassoc\neptune\Neptune.EFModels\Entities\TreatmentBMPObservations.cs	TreatmentBMPObservations.List	39
REMOVE	\git\esassoc\neptune\Neptune.EFModels\Entities\TreatmentBMPObservations.cs	TreatmentBMPObservations.ListByTreatmentBMPAssessmentObservationTypeID	44
REMOVE	\git\esassoc\neptune\Neptune.EFModels\Entities\TreatmentBMPTypeAssessmentObservationTypes.cs	TreatmentBMPTypeAssessmentObservationTypes.GetByID	41
REMOVE	\git\esassoc\neptune\Neptune.EFModels\Entities\TreatmentBMPTypeAssessmentObservationTypes.cs	TreatmentBMPTypeAssessmentObservationTypes.GetByIDWithChangeTracking	26
REMOVE	\git\esassoc\neptune\Neptune.EFModels\Entities\TreatmentBMPTypeAssessmentObservationTypes.cs	TreatmentBMPTypeAssessmentObservationTypes.ListByTreatmentBMPTypeID	47
REMOVE	\git\esassoc\neptune\Neptune.EFModels\Entities\TreatmentBMPTypeAssessmentObservationTypes.cs	TreatmentBMPTypeAssessmentObservationTypes.ListByTreatmentBMPTypeIDWithChangeTracking	52
REMOVE	\git\esassoc\neptune\Neptune.EFModels\Entities\TreatmentBMPTypeCustomAttributeTypes.cs	TreatmentBMPTypeCustomAttributeTypes.GetByID	39
REMOVE	\git\esassoc\neptune\Neptune.EFModels\Entities\TreatmentBMPTypeCustomAttributeTypes.cs	TreatmentBMPTypeCustomAttributeTypes.GetByIDWithChangeTracking	24
REMOVE	\git\esassoc\neptune\Neptune.EFModels\Entities\TreatmentBMPTypes.cs	TreatmentBMPTypes.GetByID	38
REMOVE	\git\esassoc\neptune\Neptune.EFModels\Entities\TreatmentBMPTypes.cs	TreatmentBMPTypes.GetByIDWithChangeTracking	25
REMOVE	\git\esassoc\neptune\Neptune.EFModels\Entities\TreatmentBMPs.cs	TreatmentBMPs.GetByIDWithChangeTracking	569
REMOVE	\git\esassoc\neptune\Neptune.EFModels\Entities\TreatmentBMPs.cs	TreatmentBMPs.GetProvisionalTreatmentBMPs	168
REMOVE	\git\esassoc\neptune\Neptune.EFModels\Entities\TreatmentBMPs.cs	TreatmentBMPs.List	604
REMOVE	\git\esassoc\neptune\Neptune.EFModels\Entities\TreatmentBMPs.cs	TreatmentBMPs.ListByStormwaterJurisdictionID	728
REMOVE	\git\esassoc\neptune\Neptune.EFModels\Entities\TreatmentBMPs.cs	TreatmentBMPs.ListByTreatmentBMPIDList	761
REMOVE	\git\esassoc\neptune\Neptune.EFModels\Entities\TreatmentBMPs.cs	TreatmentBMPs.ListByTreatmentBMPIDListWithChangeTracking	770
REMOVE	\git\esassoc\neptune\Neptune.EFModels\Entities\TreatmentBMPs.cs	TreatmentBMPs.ListByWaterQualityManagementPlanID	743
REMOVE	\git\esassoc\neptune\Neptune.EFModels\Entities\WaterQualityManagementPlanBoundaries.cs	WaterQualityManagementPlanBoundaries.GetByID	44
REMOVE	\git\esassoc\neptune\Neptune.EFModels\Entities\WaterQualityManagementPlanBoundaries.cs	WaterQualityManagementPlanBoundaries.GetByIDWithChangeTracking	29
REMOVE	\git\esassoc\neptune\Neptune.EFModels\Entities\WaterQualityManagementPlanDocuments.cs	WaterQualityManagementPlanDocuments.GetByID	54
REMOVE	\git\esassoc\neptune\Neptune.EFModels\Entities\WaterQualityManagementPlanDocuments.cs	WaterQualityManagementPlanDocuments.GetByIDWithChangeTracking	41
REMOVE	\git\esassoc\neptune\Neptune.EFModels\Entities\WaterQualityManagementPlanExtractionResults.StaticHelpers.cs	WaterQualityManagementPlanExtractionResults.GetByWqmpIDAsync	8
REMOVE	\git\esassoc\neptune\Neptune.EFModels\Entities\WaterQualityManagementPlanParcels.cs	WaterQualityManagementPlanParcels.GetByID	43
REMOVE	\git\esassoc\neptune\Neptune.EFModels\Entities\WaterQualityManagementPlanParcels.cs	WaterQualityManagementPlanParcels.GetByIDWithChangeTracking	28
REMOVE	\git\esassoc\neptune\Neptune.EFModels\Entities\WaterQualityManagementPlanParcels.cs	WaterQualityManagementPlanParcels.ListByWaterQualityManagementPlanID	49
REMOVE	\git\esassoc\neptune\Neptune.EFModels\Entities\WaterQualityManagementPlanVerifies.cs	WaterQualityManagementPlanVerifies.GetByID	46
REMOVE	\git\esassoc\neptune\Neptune.EFModels\Entities\WaterQualityManagementPlanVerifies.cs	WaterQualityManagementPlanVerifies.GetByIDWithChangeTracking	30
REMOVE	\git\esassoc\neptune\Neptune.EFModels\Entities\WaterQualityManagementPlanVerifies.cs	WaterQualityManagementPlanVerifies.ListByWaterQualityManagementPlanID	63
REMOVE	\git\esassoc\neptune\Neptune.EFModels\Entities\WaterQualityManagementPlanVerifies.cs	WaterQualityManagementPlanVerifies.ListViewable	52
REMOVE	\git\esassoc\neptune\Neptune.EFModels\Entities\WaterQualityManagementPlanVerifyQuickBMPs.cs	WaterQualityManagementPlanVerifyQuickBMPs.GetByID	43
REMOVE	\git\esassoc\neptune\Neptune.EFModels\Entities\WaterQualityManagementPlanVerifyQuickBMPs.cs	WaterQualityManagementPlanVerifyQuickBMPs.GetByIDWithChangeTracking	28
REMOVE	\git\esassoc\neptune\Neptune.EFModels\Entities\WaterQualityManagementPlanVerifyQuickBMPs.cs	WaterQualityManagementPlanVerifyQuickBMPs.ListByWaterQualityManagementPlanID	49
REMOVE	\git\esassoc\neptune\Neptune.EFModels\Entities\WaterQualityManagementPlanVerifyQuickBMPs.cs	WaterQualityManagementPlanVerifyQuickBMPs.ListByWaterQualityManagementPlanVerifyID	55
REMOVE	\git\esassoc\neptune\Neptune.EFModels\Entities\WaterQualityManagementPlanVerifyQuickBMPs.cs	WaterQualityManagementPlanVerifyQuickBMPs.ListByWaterQualityManagementPlanVerifyIDWithChangeTracking	61
REMOVE	\git\esassoc\neptune\Neptune.EFModels\Entities\WaterQualityManagementPlanVerifyTreatmentBMPs.cs	WaterQualityManagementPlanVerifyTreatmentBMPs.GetByID	43
REMOVE	\git\esassoc\neptune\Neptune.EFModels\Entities\WaterQualityManagementPlanVerifyTreatmentBMPs.cs	WaterQualityManagementPlanVerifyTreatmentBMPs.GetByIDWithChangeTracking	28
REMOVE	\git\esassoc\neptune\Neptune.EFModels\Entities\WaterQualityManagementPlanVerifyTreatmentBMPs.cs	WaterQualityManagementPlanVerifyTreatmentBMPs.ListByWaterQualityManagementPlanID	49
REMOVE	\git\esassoc\neptune\Neptune.EFModels\Entities\WaterQualityManagementPlanVerifyTreatmentBMPs.cs	WaterQualityManagementPlanVerifyTreatmentBMPs.ListByWaterQualityManagementPlanVerifyID	55
REMOVE	\git\esassoc\neptune\Neptune.EFModels\Entities\WaterQualityManagementPlanVerifyTreatmentBMPs.cs	WaterQualityManagementPlanVerifyTreatmentBMPs.ListByWaterQualityManagementPlanVerifyIDWithChangeTracking	61
REMOVE	\git\esassoc\neptune\Neptune.EFModels\Entities\WaterQualityManagementPlans.cs	WaterQualityManagementPlans.GetByID	50
REMOVE	\git\esassoc\neptune\Neptune.EFModels\Entities\WaterQualityManagementPlans.cs	WaterQualityManagementPlans.GetByIDForFeatureContextCheck	56
REMOVE	\git\esassoc\neptune\Neptune.EFModels\Entities\WaterQualityManagementPlans.cs	WaterQualityManagementPlans.GetByIDWithChangeTracking	29
REMOVE	\git\esassoc\neptune\Neptune.EFModels\Entities\WaterQualityManagementPlans.cs	WaterQualityManagementPlans.ListViewableByPerson	66
REMOVE	\git\esassoc\neptune\Neptune.EFModels\Entities\vFieldVisitDetaileds.cs	vFieldVisitDetaileds.GetProvisionalFieldVisits	71
REMOVE	\git\esassoc\neptune\Neptune.EFModels\Entities\vFieldVisitDetaileds.cs	vFieldVisitDetaileds.ListForStormwaterJurisdictionIDs	77
REMOVE	\git\esassoc\neptune\Neptune.EFModels\Entities\vHRUCharacteristics.cs	vHRUCharacteristics.List	8
REMOVE	\git\esassoc\neptune\Neptune.EFModels\Entities\vHRUCharacteristics.cs	vHRUCharacteristics.ListByLoadGeneratingUnitID	35
REMOVE	\git\esassoc\neptune\Neptune.EFModels\Entities\vHRUCharacteristics.cs	vHRUCharacteristics.ListByRegionalSubbasinID	29
REMOVE	\git\esassoc\neptune\Neptune.EFModels\Entities\vHRUCharacteristics.cs	vHRUCharacteristics.ListByWaterQualityManagementPlanID	13
REMOVE	\git\esassoc\neptune\Neptune.EFModels\Entities\vLoadGeneratingUnits.cs	vLoadGeneratingUnits.List	8
REMOVE	\git\esassoc\neptune\Neptune.EFModels\Entities\vLoadGeneratingUnits.cs	vLoadGeneratingUnits.ListByRegionalSubbasinID	13
REMOVE	\git\esassoc\neptune\Neptune.EFModels\Entities\vRegionalSubbasinUpstreams.cs	vRegionalSubbasinUpstreams.List	17
REMOVE	\git\esassoc\neptune\Neptune.EFModels\Entities\vWaterQualityManagementPlanAnnualReportInventoryAndVerifications.cs	vWaterQualityManagementPlanAnnualReports.ListForStormwaterJurisdictionIDs	8
REMOVE	\git\esassoc\neptune\Neptune.EFModels\Entities\vWaterQualityManagementPlanDetaileds.cs	vWaterQualityManagementPlanDetaileds.ListViewableByPerson	8
KEEP	\git\esassoc\neptune\Neptune.EFModels\Workflows\OnlandVisualTrashAssessmentWorkflowProgress.cs	OnlandVisualTrashAssessmentWorkflowProgress.CanDelete	48
KEEP	\git\esassoc\neptune\Neptune.EFModels\Workflows\OnlandVisualTrashAssessmentWorkflowProgress.cs	OnlandVisualTrashAssessmentWorkflowProgress.CanSubmit	36
KEEP	\git\esassoc\neptune\Neptune.EFModels\Workflows\ProjectWorkflowProgress.cs	ProjectWorkflowProgress.CanDelete	51
KEEP	\git\esassoc\neptune\Neptune.EFModels\Workflows\ProjectWorkflowProgress.cs	ProjectWorkflowProgress.CanSubmit	36
